Start URL,Category,Product,Price,Slash Price,Details Link
https://vgg.bites.com.my/collections/canned-food-instant-meals,Canned Food Instant Meals,SAN REMO LARGE SHEET LASAGNA 250G,RM6.25,,https://vgg.bites.com.my/collections/canned-food-instant-meals/products/san-remo-large-sheet-lasagna-250g
https://vgg.bites.com.my/collections/canned-food-instant-meals,Canned Food Instant Meals,SAN REMO INSTANT LASAGNA 250G,RM6.25,,https://vgg.bites.com.my/collections/canned-food-instant-meals/products/san-remo-instant-lasagna-250g
https://vgg.bites.com.my/collections/canned-food-instant-meals,Canned Food Instant Meals,AYAM BRAND WHOLE KERNEL CORN 425G,RM4.40,,https://vgg.bites.com.my/collections/canned-food-instant-meals/products/ayam-brand-whole-kernel-corn-425g
https://vgg.bites.com.my/collections/canned-food-instant-meals,Canned Food Instant Meals,AYAM BRAND TUNA CHUNK IN MINERAL WATER 150G,RM7.70,,https://vgg.bites.com.my/collections/canned-food-instant-meals/products/ayam-brand-tuna-chunk-in-mineral-water-150g
https://vgg.bites.com.my/collections/canned-food-instant-meals,Canned Food Instant Meals,CAMPBELL'S COUNTRY LADLE BEEF & VEGE 500G,RM18.15,,https://vgg.bites.com.my/collections/canned-food-instant-meals/products/campbells-country-ladle-beef-vege-500g
https://vgg.bites.com.my/collections/canned-food-instant-meals,Canned Food Instant Meals,MARINA SARDIN TOM 425G T,RM8.10,,https://vgg.bites.com.my/collections/canned-food-instant-meals/products/marina-sardin-tom-425g-t
https://vgg.bites.com.my/collections/canned-food-instant-meals,Canned Food Instant Meals,MARINA CHUNKS IN BRINE TUNA 185G,RM6.60,,https://vgg.bites.com.my/collections/canned-food-instant-meals/products/marina-chunks-in-brine-tuna-185g
https://vgg.bites.com.my/collections/canned-food-instant-meals,Canned Food Instant Meals,BAXTERS MINESTRONE SOUP 400G,RM13.90,,https://vgg.bites.com.my/collections/canned-food-instant-meals/products/baxters-minestrone-soup-400g
https://vgg.bites.com.my/collections/canned-food-instant-meals,Canned Food Instant Meals,CIRIO PASSATA RUSTICA-CRUSHED TOMATOES 680G,RM12.99,RM14.15,https://vgg.bites.com.my/collections/canned-food-instant-meals/products/cirio-passata-rustica-crushed-tomatoes-680g
https://vgg.bites.com.my/collections/canned-food-instant-meals,Canned Food Instant Meals,CAMPBELLS COUNTRY LADLE CREAMY CHIC 500G,RM20.15,,https://vgg.bites.com.my/collections/canned-food-instant-meals/products/campbells-country-ladle-creamy-chic-500g
https://vgg.bites.com.my/collections/canned-food-instant-meals,Canned Food Instant Meals,CIRIO PASSATA-SIEVED TOMATOES 700G,RM11.99,RM12.85,https://vgg.bites.com.my/collections/canned-food-instant-meals/products/cirio-passata-sieved-tomatoes-700g
https://vgg.bites.com.my/collections/canned-food-instant-meals,Canned Food Instant Meals,CIRIO CHERRY TOMATOES-POMODORINI 400GM,RM10.30,,https://vgg.bites.com.my/collections/canned-food-instant-meals/products/cirio-cherry-tomatoes-pomodorini-400gm
https://vgg.bites.com.my/collections/canned-food-instant-meals,Canned Food Instant Meals,CIRIO WHOLE PEELED TOMATO 400GM,RM7.85,,https://vgg.bites.com.my/collections/canned-food-instant-meals/products/cirio-whole-peeled-tomato-400gm
https://vgg.bites.com.my/collections/canned-food-instant-meals,Canned Food Instant Meals,CIRIO POLPA FINE CHOPPED TOMATOES CHILI 390G,RM7.05,,https://vgg.bites.com.my/collections/canned-food-instant-meals/products/cirio-polpa-fine-chopped-tomatoes-chili-390g
https://vgg.bites.com.my/collections/canned-food-instant-meals,Canned Food Instant Meals,CHINA NONG SHIM CLAY POT CUP 70G,RM4.99,RM5.55,https://vgg.bites.com.my/collections/canned-food-instant-meals/products/china-nong-shim-clay-pot-cup-70g
https://vgg.bites.com.my/collections/canned-food-instant-meals,Canned Food Instant Meals,SAMYANG HOT CHICKEN JJAJANG 5X140G,RM28.95,,https://vgg.bites.com.my/collections/canned-food-instant-meals/products/samyang-hot-chicken-jjajang-5x140g
https://vgg.bites.com.my/collections/canned-food-instant-meals,Canned Food Instant Meals,CAMPBELL'S REAL STOCK VEGETABLE 1L,RM17.10,,https://vgg.bites.com.my/collections/canned-food-instant-meals/products/campbell-s-real-stock-vegetable-1l
https://vgg.bites.com.my/collections/canned-food-instant-meals,Canned Food Instant Meals,CAMPBELL'S REAL STOCK VEGE SALT REDUCED 1L,RM17.10,,https://vgg.bites.com.my/collections/canned-food-instant-meals/products/campbell-s-real-stock-vege-salt-reduced-1l
https://vgg.bites.com.my/collections/canned-food-instant-meals,Canned Food Instant Meals,CAMPBELL'S REAL STOCK CHIC SALT REDUCED 1L,RM17.10,,https://vgg.bites.com.my/collections/canned-food-instant-meals/products/campbells-real-stock-chic-salt-reduced-1l
https://vgg.bites.com.my/collections/canned-food-instant-meals,Canned Food Instant Meals,CAMPBELL'S REAL STOCK CHICKEN 1L,RM17.10,,https://vgg.bites.com.my/collections/canned-food-instant-meals/products/campbell-s-real-stock-chicken-1l
https://vgg.bites.com.my/collections/canned-food-instant-meals,Canned Food Instant Meals,CAMPBELL'S REAL STOCK BEEF 1L,RM17.10,,https://vgg.bites.com.my/collections/canned-food-instant-meals/products/campbell-s-real-stock-beef-1l
https://vgg.bites.com.my/collections/canned-food-instant-meals,Canned Food Instant Meals,CIRIO CANNELLINI (BOX) 380G,RM6.25,,https://vgg.bites.com.my/collections/canned-food-instant-meals/products/cirio-cannellini-box-380g
https://vgg.bites.com.my/collections/canned-food-instant-meals,Canned Food Instant Meals,JOHN WEST SARDINES IN SPRING WATER 110G,RM11.65,,https://vgg.bites.com.my/collections/canned-food-instant-meals/products/john-west-sardines-in-spring-water-110g
https://vgg.bites.com.my/collections/canned-food-instant-meals,Canned Food Instant Meals,CIRIO POLPA FINE CHOPPED TOMATOES BASIL 390G,RM7.05,,https://vgg.bites.com.my/collections/canned-food-instant-meals/products/cirio-polpa-fine-chopped-tomatoes-basil-390g
https://vgg.bites.com.my/collections/canned-food-instant-meals,Canned Food Instant Meals,ADABI JAGUNG KERNEL 425G,RM4.70,,https://vgg.bites.com.my/collections/canned-food-instant-meals/products/adabi-jagung-kernel-425g
https://vgg.bites.com.my/collections/canned-food-instant-meals,Canned Food Instant Meals,AYAM BRAND TUNA CHUNK IN SUNFLOWER OIL 150G,RM7.70,,https://vgg.bites.com.my/collections/canned-food-instant-meals/products/ayam-brand-tuna-chunk-in-sunflower-oil-150g
https://vgg.bites.com.my/collections/canned-food-instant-meals,Canned Food Instant Meals,AYAM BRAND CHILI TUNA FIRE HOT 160G,RM7.70,,https://vgg.bites.com.my/collections/canned-food-instant-meals/products/ayam-brand-chili-tuna-fire-hot-160g
https://vgg.bites.com.my/collections/canned-food-instant-meals,Canned Food Instant Meals,AYAM BRAND TUNA FLAKES OMEGA 3 OLIVE OIL 150G,RM7.70,,https://vgg.bites.com.my/collections/canned-food-instant-meals/products/ayam-brand-tuna-flakes-omega-3-olive-oil-150g
https://vgg.bites.com.my/collections/canned-food-instant-meals,Canned Food Instant Meals,AYAM BRAND SARDINE OVAL 215G,RM9.45,,https://vgg.bites.com.my/collections/canned-food-instant-meals/products/ayam-brand-sardine-oval-215g
https://vgg.bites.com.my/collections/canned-food-instant-meals,Canned Food Instant Meals,HOSEN RAMBUTAN 565G,RM11.50,,https://vgg.bites.com.my/collections/canned-food-instant-meals/products/hosen-rambutan-565g
https://vgg.bites.com.my/collections/canned-food-instant-meals,Canned Food Instant Meals,HOSEN PEACHES HALVES 825G,RM12.70,,https://vgg.bites.com.my/collections/canned-food-instant-meals/products/hosen-peaches-halves-825g
https://vgg.bites.com.my/collections/canned-food-instant-meals,Canned Food Instant Meals,ADABI JAGUNG MANIS 425G,RM4.70,,https://vgg.bites.com.my/collections/canned-food-instant-meals/products/adabi-jagung-manis-425g
https://vgg.bites.com.my/collections/canned-food-instant-meals,Canned Food Instant Meals,HOSEN PEACH HALVES 420G,RM7.75,,https://vgg.bites.com.my/collections/canned-food-instant-meals/products/hosen-peach-halves-420g
https://vgg.bites.com.my/collections/canned-food-instant-meals,Canned Food Instant Meals,HOSEN PINEAPPLE SLICE 565GM,RM7.80,,https://vgg.bites.com.my/collections/canned-food-instant-meals/products/hosen-pineapple-slice-565gm
https://vgg.bites.com.my/collections/canned-food-instant-meals,Canned Food Instant Meals,HOSEN PINEAPPLE CUBES 565G,RM7.80,,https://vgg.bites.com.my/collections/canned-food-instant-meals/products/hosen-pineapple-cubes-565g
https://vgg.bites.com.my/collections/canned-food-instant-meals,Canned Food Instant Meals,HOSEN HONEY SEA COCONUT 565G,RM11.90,,https://vgg.bites.com.my/collections/canned-food-instant-meals/products/hosen-honey-sea-coconut-565g
https://vgg.bites.com.my/collections/canned-food-instant-meals,Canned Food Instant Meals,HOSEN PEACHES SLICES 820G,RM12.20,,https://vgg.bites.com.my/collections/canned-food-instant-meals/products/hosen-peaches-slices-820g
https://vgg.bites.com.my/collections/canned-food-instant-meals,Canned Food Instant Meals,LOTTE LUNCHEON MEAT (PORK&CHIC) 340GM,RM17.90,,https://vgg.bites.com.my/collections/canned-food-instant-meals/products/lotte-luncheon-meat-porkchic-340gm
https://vgg.bites.com.my/collections/canned-food-instant-meals,Canned Food Instant Meals,CIRIO POPPAPIU CHOPPED 390GM,RM7.25,,https://vgg.bites.com.my/collections/canned-food-instant-meals/products/cirio-poppapiu-chopped-390gm
https://vgg.bites.com.my/collections/canned-food-instant-meals,Canned Food Instant Meals,NONGSHIM SHIN RAMYUN STIR FRY 5X135G,RM23.10,,https://vgg.bites.com.my/collections/canned-food-instant-meals/products/nongshim-shin-ramyun-stir-fry-5x135g
https://vgg.bites.com.my/collections/canned-food-instant-meals,Canned Food Instant Meals,NONGSHIM SHIN SUPER SPICY RAMYUN CUP 68G,RM5.50,,https://vgg.bites.com.my/collections/canned-food-instant-meals/products/nongshim-shin-super-spicy-ramyun-cup-68g
https://vgg.bites.com.my/collections/canned-food-instant-meals,Canned Food Instant Meals,NONGSHIM SHIN SUPER SPICY RAMYUN 5X120G,RM22.90,,https://vgg.bites.com.my/collections/canned-food-instant-meals/products/nongshim-shin-super-spicy-ramyun-5x120g
https://vgg.bites.com.my/collections/canned-food-instant-meals,Canned Food Instant Meals,MI SEDAAP CUP NOODLE GORENG 81G,RM2.75,,https://vgg.bites.com.my/collections/canned-food-instant-meals/products/mi-sedaap-cup-noodle-goreng-81g
https://vgg.bites.com.my/collections/canned-food-instant-meals,Canned Food Instant Meals,MAGGI ASAM LAKSA 5X78G,RM6.30,,https://vgg.bites.com.my/collections/canned-food-instant-meals/products/maggi-asam-laksa-5x78g
https://vgg.bites.com.my/collections/canned-food-instant-meals,Canned Food Instant Meals,NISSIN CUP NOODLES MALA 71G,RM4.80,,https://vgg.bites.com.my/collections/canned-food-instant-meals/products/nissin-cup-noodles-mala-71g
https://vgg.bites.com.my/collections/canned-food-instant-meals,Canned Food Instant Meals,JOHN WEST SMOKED OYSTERS IN OIL 85G,RM13.70,,https://vgg.bites.com.my/collections/canned-food-instant-meals/products/john-west-smoked-oysters-in-oil-85g
https://vgg.bites.com.my/collections/canned-food-instant-meals,Canned Food Instant Meals,KNORR 8S BOX CHICKEN 80G,RM14.10,,https://vgg.bites.com.my/collections/canned-food-instant-meals/products/knorr-8s-box-chicken-80g
https://vgg.bites.com.my/collections/canned-food-instant-meals,Canned Food Instant Meals,HIGHWAY CORNED BEEF 340GM,RM17.75,,https://vgg.bites.com.my/collections/canned-food-instant-meals/products/highway-corned-beef-340gm
https://vgg.bites.com.my/collections/canned-food-instant-meals,Canned Food Instant Meals,NONGSHIM KIMCHI RAMYON BOWL NOODLES 117G,RM6.25,,https://vgg.bites.com.my/collections/canned-food-instant-meals/products/nongshim-kimchi-ramyon-bowl-noodles-117g
https://vgg.bites.com.my/collections/canned-food-instant-meals,Canned Food Instant Meals,NONGSHIM KIMCHI RAMYUN NOODLE 70GM,RM4.99,RM5.60,https://vgg.bites.com.my/collections/canned-food-instant-meals/products/nongshim-kimchi-ramyun-noodle-70gm
https://vgg.bites.com.my/collections/canned-food-instant-meals,Canned Food Instant Meals,CIRIO POLPA FINE CHOPPEDTOMATOES ONION GARLIC 390G,RM7.05,,https://vgg.bites.com.my/collections/canned-food-instant-meals/products/cirio-polpa-fine-choppedtomatoes-onion-garlic-390g
https://vgg.bites.com.my/collections/canned-food-instant-meals,Canned Food Instant Meals,SAMYANG HOT CHICKEN RAMEN (EXTREME HOT) CUP 70G,RM6.20,,https://vgg.bites.com.my/collections/canned-food-instant-meals/products/samyang-hot-chicken-ramen-extreme-hot-cup-70g
https://vgg.bites.com.my/collections/canned-food-instant-meals,Canned Food Instant Meals,NONGSHIM SHIN CUP NOODLE SOUP 68GM,RM5.50,,https://vgg.bites.com.my/collections/canned-food-instant-meals/products/nongshim-shin-cup-noodle-soup-68gm
https://vgg.bites.com.my/collections/canned-food-instant-meals,Canned Food Instant Meals,MI SEDAAP GORENG JUMBO 139G*4,RM7.45,,https://vgg.bites.com.my/collections/canned-food-instant-meals/products/mi-sedaap-goreng-jumbo-139g-4
https://vgg.bites.com.my/collections/canned-food-instant-meals,Canned Food Instant Meals,MAGGI BIG TOM YAM 5X107G,RM7.75,,https://vgg.bites.com.my/collections/canned-food-instant-meals/products/maggi-big-tom-yam-5x107g
https://vgg.bites.com.my/collections/canned-food-instant-meals,Canned Food Instant Meals,COPPOLA LENTICCHIE LENTILS 400G,RM6.00,,https://vgg.bites.com.my/collections/canned-food-instant-meals/products/coppola-lenticchie-lentils-400g
https://vgg.bites.com.my/collections/canned-food-instant-meals,Canned Food Instant Meals,COPPOLA BORLOTTI BEANS 400G,RM6.00,,https://vgg.bites.com.my/collections/canned-food-instant-meals/products/coppola-borlotti-beans-400g
https://vgg.bites.com.my/collections/canned-food-instant-meals,Canned Food Instant Meals,COPPOLA POMODORINI CHERRY TOMATOES 400G,RM9.00,,https://vgg.bites.com.my/collections/canned-food-instant-meals/products/coppola-pomodorini-cherry-tomatoes-400g
https://vgg.bites.com.my/collections/canned-food-instant-meals,Canned Food Instant Meals,COPPOLA POLPA FINE FINELY CHOPPED TOMATOES 400G,RM7.00,,https://vgg.bites.com.my/collections/canned-food-instant-meals/products/coppola-polpa-fine-finely-chopped-tomatoes-400g
https://vgg.bites.com.my/collections/canned-food-instant-meals,Canned Food Instant Meals,COPPOLA POLPA CHOPPED TOMATOES 400G,RM7.00,,https://vgg.bites.com.my/collections/canned-food-instant-meals/products/coppola-polpa-chopped-tomatoes-400g
https://vgg.bites.com.my/collections/canned-food-instant-meals,Canned Food Instant Meals,COPPOLA PELATI PEELED PLUM TOMATOES 400G,RM7.00,,https://vgg.bites.com.my/collections/canned-food-instant-meals/products/coppola-pelati-peeled-plum-tomatoes-400g
https://vgg.bites.com.my/collections/canned-food-instant-meals,Canned Food Instant Meals,CAMPBELL'S INST CRM OF CHICKEN SOUP 3X22G,RM5.39,RM5.80,https://vgg.bites.com.my/collections/canned-food-instant-meals/products/campbell-s-inst-crm-of-chicken-soup-3x22g
https://vgg.bites.com.my/collections/canned-food-instant-meals,Canned Food Instant Meals,CAMPBELL'S INST MUSH CHIC W CROUTONS 3X21G,RM5.39,RM5.80,https://vgg.bites.com.my/collections/canned-food-instant-meals/products/campbell-s-inst-mush-chic-w-croutons-3x21g
https://vgg.bites.com.my/collections/canned-food-instant-meals,Canned Food Instant Meals,CAMPBELL'S INST MUSH CHEESE W CROUTONS 3X21G,RM5.39,RM5.80,https://vgg.bites.com.my/collections/canned-food-instant-meals/products/campbell-s-inst-mush-cheese-w-croutons-3x21g
https://vgg.bites.com.my/collections/canned-food-instant-meals,Canned Food Instant Meals,AB BAKED BEANS CHEESE 230G,RM3.70,,https://vgg.bites.com.my/collections/canned-food-instant-meals/products/ab-baked-beans-cheese-230g
https://vgg.bites.com.my/collections/canned-food-instant-meals,Canned Food Instant Meals,AB BAKED BEAN LIGHT 230G,RM3.50,,https://vgg.bites.com.my/collections/canned-food-instant-meals/products/ab-baked-bean-light-230g
https://vgg.bites.com.my/collections/canned-food-instant-meals,Canned Food Instant Meals,AB PINEAPPLE CHUNKS IN SYRUP 565G,RM8.15,,https://vgg.bites.com.my/collections/canned-food-instant-meals/products/ab-pineapple-chunks-in-syrup-565g
https://vgg.bites.com.my/collections/canned-food-instant-meals,Canned Food Instant Meals,AB PINEAPPLE CHUNKS IN SYRUP 425G,RM7.00,,https://vgg.bites.com.my/collections/canned-food-instant-meals/products/ab-pineapple-chunks-in-syrup-425g
https://vgg.bites.com.my/collections/canned-food-instant-meals,Canned Food Instant Meals,AYAM BRAND CHILLI MACKEREL 425GM,RM11.95,,https://vgg.bites.com.my/collections/canned-food-instant-meals/products/ayam-brand-chilli-mackerel-425gm
https://vgg.bites.com.my/collections/canned-food-instant-meals,Canned Food Instant Meals,AYAM BRAND DELI TUNA SPREAD 160G,RM7.70,,https://vgg.bites.com.my/collections/canned-food-instant-meals/products/ayam-brand-deli-tuna-spread-160g
https://vgg.bites.com.my/collections/canned-food-instant-meals,Canned Food Instant Meals,MARINA SARDINE IN TOMOTA 155GM,RM4.20,,https://vgg.bites.com.my/collections/canned-food-instant-meals/products/marina-sardine-in-tomota-155gm
https://vgg.bites.com.my/collections/canned-food-instant-meals,Canned Food Instant Meals,AYAM BRAND DELI TUNA MAYO 160G,RM7.70,,https://vgg.bites.com.my/collections/canned-food-instant-meals/products/ayam-brand-deli-tuna-mayo-160g
https://vgg.bites.com.my/collections/canned-food-instant-meals,Canned Food Instant Meals,AYAM BRAND TOMATO PUREE 430G,RM5.85,,https://vgg.bites.com.my/collections/canned-food-instant-meals/products/ayam-brand-tomato-puree-430g
https://vgg.bites.com.my/collections/canned-food-instant-meals,Canned Food Instant Meals,ALWAYS FRESH CUCUMBERS BABY CHILLI 350G,RM13.05,,https://vgg.bites.com.my/collections/canned-food-instant-meals/products/always-fresh-cucumbers-baby-chilli-350g
https://vgg.bites.com.my/collections/canned-food-instant-meals,Canned Food Instant Meals,MAGGI BIG CHICKEN 5X103G,RM7.10,,https://vgg.bites.com.my/collections/canned-food-instant-meals/products/maggi-big-chicken-5x103g
https://vgg.bites.com.my/collections/canned-food-instant-meals,Canned Food Instant Meals,NONGSHIM SHIN RAMYUN 5X120GM,RM22.90,,https://vgg.bites.com.my/collections/canned-food-instant-meals/products/nongshim-shin-ramyun-5x120gm
https://vgg.bites.com.my/collections/canned-food-instant-meals,Canned Food Instant Meals,OLD EL PASO TACO SHELLS UK 156G,RM17.99,RM20.20,https://vgg.bites.com.my/collections/canned-food-instant-meals/products/old-el-paso-taco-shells-uk-156g
https://vgg.bites.com.my/collections/canned-food-instant-meals,Canned Food Instant Meals,ALWAYS FRESH ORIGINAL DILL CUCUMBER 680G,RM14.10,,https://vgg.bites.com.my/collections/canned-food-instant-meals/products/always-fresh-original-dill-cucumber-680g
https://vgg.bites.com.my/collections/canned-food-instant-meals,Canned Food Instant Meals,S&W TOMATO PASTE 170GM,RM6.55,,https://vgg.bites.com.my/collections/canned-food-instant-meals/products/s-w-tomato-paste-170gm
https://vgg.bites.com.my/collections/canned-food-instant-meals,Canned Food Instant Meals,AYAM BRAND DELI TUNA MAYO LIGHT 160G,RM7.70,,https://vgg.bites.com.my/collections/canned-food-instant-meals/products/ayam-brand-deli-tuna-mayo-light-160g
https://vgg.bites.com.my/collections/canned-food-instant-meals,Canned Food Instant Meals,NISSIN JAPANESE RAMEN HOKKAIDO MISO 5X106G,RM16.95,,https://vgg.bites.com.my/collections/canned-food-instant-meals/products/nissin-japanese-ramen-hokkaido-miso-5x106g
https://vgg.bites.com.my/collections/canned-food-instant-meals,Canned Food Instant Meals,NISSIN JAPANESE RAMEN TOKYO SHOYU 5X106G,RM16.95,,https://vgg.bites.com.my/collections/canned-food-instant-meals/products/nissin-japanese-ramen-tokyo-shoyu-5x106g
https://vgg.bites.com.my/collections/canned-food-instant-meals,Canned Food Instant Meals,SEDAAP MIE GORENG ASLI 5X90G,RM5.29,RM5.90,https://vgg.bites.com.my/collections/canned-food-instant-meals/products/sedaap-mie-goreng-asli-5x90g
https://vgg.bites.com.my/collections/canned-food-instant-meals,Canned Food Instant Meals,AYAM BRAND DELI TUNA SPICY 160G,RM7.70,,https://vgg.bites.com.my/collections/canned-food-instant-meals/products/ayam-brand-deli-tuna-spicy-160g
https://vgg.bites.com.my/collections/canned-food-instant-meals,Canned Food Instant Meals,AYAM BRAND CHILLI TUNA LIGHT 160G,RM7.70,,https://vgg.bites.com.my/collections/canned-food-instant-meals/products/ayam-brand-chilli-tuna-light-160g
https://vgg.bites.com.my/collections/canned-food-instant-meals,Canned Food Instant Meals,AYAM BRAND CHILLI TUNA 160G,RM7.70,,https://vgg.bites.com.my/collections/canned-food-instant-meals/products/ayam-brand-chilli-tuna-160g
https://vgg.bites.com.my/collections/canned-food-instant-meals,Canned Food Instant Meals,MAGGI HOT CUP TOM YAM 60G,RM2.50,,https://vgg.bites.com.my/collections/canned-food-instant-meals/products/maggi-hot-cup-tom-yam-60g
https://vgg.bites.com.my/collections/canned-food-instant-meals,Canned Food Instant Meals,MAGGI HOT CUP CURRY 58G,RM2.50,,https://vgg.bites.com.my/collections/canned-food-instant-meals/products/maggi-hot-cup-curry-58g
https://vgg.bites.com.my/collections/canned-food-instant-meals,Canned Food Instant Meals,MAGGI CURRY 5X79G,RM4.99,RM6.25,https://vgg.bites.com.my/collections/canned-food-instant-meals/products/maggi-curry-5x79g
https://vgg.bites.com.my/collections/canned-food-instant-meals,Canned Food Instant Meals,MAGGI BIG CURRY 5X106G,RM7.10,,https://vgg.bites.com.my/collections/canned-food-instant-meals/products/maggi-big-curry-5x106g
https://vgg.bites.com.my/collections/canned-food-instant-meals,Canned Food Instant Meals,NISSIN JAPANESE RAMEN KYUSHU BLACK 5X106G,RM16.95,,https://vgg.bites.com.my/collections/canned-food-instant-meals/products/nissin-japanese-ramen-kyushu-black-5x106g
https://vgg.bites.com.my/collections/canned-food-instant-meals,Canned Food Instant Meals,AYAM BRAND BAKED BEANS IN T/S 230GM,RM3.50,,https://vgg.bites.com.my/collections/canned-food-instant-meals/products/ayam-brand-baked-beans-in-t-s-230gm
https://vgg.bites.com.my/collections/canned-food-instant-meals,Canned Food Instant Meals,AYAM BRAND BAKED BEANS 425GM,RM4.85,,https://vgg.bites.com.my/collections/canned-food-instant-meals/products/ayam-brand-baked-beans-425gm
https://vgg.bites.com.my/collections/canned-food-instant-meals,Canned Food Instant Meals,AYAM BRAND BAKED BEAN LIGHT 425GM,RM4.85,,https://vgg.bites.com.my/collections/canned-food-instant-meals/products/ayam-brand-baked-bean-light-425gm
https://vgg.bites.com.my/collections/canned-food-instant-meals,Canned Food Instant Meals,AYAM BRAND BAKED BEANS CHEESE 425GM,RM5.15,,https://vgg.bites.com.my/collections/canned-food-instant-meals/products/ayam-brand-baked-beans-cheese-425gm
https://vgg.bites.com.my/collections/canned-food-instant-meals,Canned Food Instant Meals,AYAM BRAND TOMATO PUREE 160G,RM3.60,,https://vgg.bites.com.my/collections/canned-food-instant-meals/products/ayam-brand-tomato-puree-160g
https://vgg.bites.com.my/collections/canned-food-instant-meals,Canned Food Instant Meals,AYAM BRAND MACKEREL JITNEY 155G,RM5.70,,https://vgg.bites.com.my/collections/canned-food-instant-meals/products/ayam-brand-mackerel-jitney-155g
https://vgg.bites.com.my/collections/canned-food-instant-meals,Canned Food Instant Meals,AYAM BRAND SARDINE JITNEY 155G,RM5.70,,https://vgg.bites.com.my/collections/canned-food-instant-meals/products/ayam-brand-sardine-jitney-155g
https://vgg.bites.com.my/collections/canned-food-instant-meals,Canned Food Instant Meals,AYAM BRAND MACKERELS TALLS 425G,RM11.55,,https://vgg.bites.com.my/collections/canned-food-instant-meals/products/ayam-brand-mackerels-talls-425g
https://vgg.bites.com.my/collections/canned-food-instant-meals,Canned Food Instant Meals,AYAM BRAND SARDINES OVAL 425G,RM13.90,,https://vgg.bites.com.my/collections/canned-food-instant-meals/products/ayam-brand-sardines-oval-425g
https://vgg.bites.com.my/collections/canned-food-instant-meals,Canned Food Instant Meals,AYAM BRAND MACKEREL BUFFET 230GM,RM7.90,,https://vgg.bites.com.my/collections/canned-food-instant-meals/products/ayam-brand-mackerel-buffet-230gm
https://vgg.bites.com.my/collections/canned-food-instant-meals,Canned Food Instant Meals,AYAM BRAND MACKEREL FILLETS IN EVOO 125G,RM15.15,,https://vgg.bites.com.my/collections/canned-food-instant-meals/products/ayam-brand-mackerel-fillets-in-evoo-125g
https://vgg.bites.com.my/collections/canned-food-instant-meals,Canned Food Instant Meals,AYAM BRAND SWEET CORN 200G,RM3.80,,https://vgg.bites.com.my/collections/canned-food-instant-meals/products/ayam-brand-sweet-corn-200g
https://vgg.bites.com.my/collections/canned-food-instant-meals,Canned Food Instant Meals,AYAM BRAND TUNA MAYO MILD 160G,RM7.70,,https://vgg.bites.com.my/collections/canned-food-instant-meals/products/ayam-brand-tuna-mayo-mild-160g
https://vgg.bites.com.my/collections/canned-food-instant-meals,Canned Food Instant Meals,AYAM BRAND TUNA CHUNK IN WATER 150G,RM7.70,,https://vgg.bites.com.my/collections/canned-food-instant-meals/products/ayam-brand-tuna-chunk-in-water-150g
https://vgg.bites.com.my/collections/canned-food-instant-meals,Canned Food Instant Meals,AYAM BRAND TUNA FLAKES IN SUNFLOWER OIL 150G,RM7.70,,https://vgg.bites.com.my/collections/canned-food-instant-meals/products/ayam-brand-tuna-flakes-in-sunflower-oil-150g
https://vgg.bites.com.my/collections/canned-food-instant-meals,Canned Food Instant Meals,AYAM BRAND TUNA CHUNKS IN OLIVE OIL LIGHT 150G,RM7.70,,https://vgg.bites.com.my/collections/canned-food-instant-meals/products/ayam-brand-tuna-chunks-in-olive-oil-light-150g
https://vgg.bites.com.my/collections/canned-food-instant-meals,Canned Food Instant Meals,DAEBAK MIYEOK GUK RAMYEON 5X105G,RM13.99,RM14.95,https://vgg.bites.com.my/collections/canned-food-instant-meals/products/daebak-miyeok-guk-ramyeon-5x105g
https://vgg.bites.com.my/collections/canned-food-instant-meals,Canned Food Instant Meals,DAEBAK RABOKKI 5X113G,RM13.99,RM14.95,https://vgg.bites.com.my/collections/canned-food-instant-meals/products/daebak-rabokki-5x113g
https://vgg.bites.com.my/collections/canned-food-instant-meals,Canned Food Instant Meals,DAEBAK SPICY MUSHROOM RAMYEON 5X103G,RM13.99,RM14.95,https://vgg.bites.com.my/collections/canned-food-instant-meals/products/daebak-spicy-mushroom-ramyeon-5x103g
https://vgg.bites.com.my/collections/canned-food-instant-meals,Canned Food Instant Meals,PALDO TEUMSAE RAMYUN 5X120G,RM26.50,,https://vgg.bites.com.my/collections/canned-food-instant-meals/products/paldo-teumsae-ramyun-5x120g
https://vgg.bites.com.my/collections/canned-food-instant-meals,Canned Food Instant Meals,A1 CHIC SOUP SPICES 35G,RM12.10,,https://vgg.bites.com.my/collections/canned-food-instant-meals/products/a1-chic-soup-spices-35g
https://vgg.bites.com.my/collections/canned-food-instant-meals,Canned Food Instant Meals,A1 CHIC SOUP HERB 60G,RM17.45,,https://vgg.bites.com.my/collections/canned-food-instant-meals/products/a1-chic-soup-herb-60g
https://vgg.bites.com.my/collections/canned-food-instant-meals,Canned Food Instant Meals,ADABI KARI KAMBING 280GM,RM16.40,,https://vgg.bites.com.my/collections/canned-food-instant-meals/products/adabi-kari-kambing-280gm
https://vgg.bites.com.my/collections/canned-food-instant-meals,Canned Food Instant Meals,ALWAYS FRESH POLSKIE OGORKI CUCUMBERS 680G,RM14.10,,https://vgg.bites.com.my/collections/canned-food-instant-meals/products/always-fresh-polskie-ogorki-cucumbers-680g
https://vgg.bites.com.my/collections/canned-food-instant-meals,Canned Food Instant Meals,AYAM BRAND GARDEN PEAS 200G,RM4.25,,https://vgg.bites.com.my/collections/canned-food-instant-meals/products/ayam-brand-garden-peas-200g
https://vgg.bites.com.my/collections/canned-food-instant-meals,Canned Food Instant Meals,AYAM BRAND GARDEN PEAS 400G,RM5.85,,https://vgg.bites.com.my/collections/canned-food-instant-meals/products/ayam-brand-garden-peas-400g
https://vgg.bites.com.my/collections/canned-food-instant-meals,Canned Food Instant Meals,AYAM BRAND MACKEREL FILLETS IN TOMATO 125G,RM15.15,,https://vgg.bites.com.my/collections/canned-food-instant-meals/products/ayam-brand-mackerel-fillets-in-tomato-125g
https://vgg.bites.com.my/collections/canned-food-instant-meals,Canned Food Instant Meals,CIRIO BAKED BEANS 420G,RM6.80,,https://vgg.bites.com.my/collections/canned-food-instant-meals/products/cirio-baked-beans-420g
https://vgg.bites.com.my/collections/canned-food-instant-meals,Canned Food Instant Meals,CIRIO SWEET CORN 300G,RM10.25,,https://vgg.bites.com.my/collections/canned-food-instant-meals/products/cirio-sweet-corn-300g
https://vgg.bites.com.my/collections/canned-food-instant-meals,Canned Food Instant Meals,AYAM BRAND CHOP TOMATO 380G,RM6.65,,https://vgg.bites.com.my/collections/canned-food-instant-meals/products/ayam-brand-chop-tomato-380g
https://vgg.bites.com.my/collections/canned-food-instant-meals,Canned Food Instant Meals,AYAM BRAND SABA DELI NATURAL 160G,RM7.70,,https://vgg.bites.com.my/collections/canned-food-instant-meals/products/ayam-brand-saba-deli-natural-160g
https://vgg.bites.com.my/collections/canned-food-instant-meals,Canned Food Instant Meals,CIRIO PASSATA TETRA BRIK 500GM,RM6.69,RM7.40,https://vgg.bites.com.my/collections/canned-food-instant-meals/products/cirio-passata-tetra-brik-500gm
https://vgg.bites.com.my/collections/canned-food-instant-meals,Canned Food Instant Meals,CIRIO PIZZA SAUCE (BOX) 390G,RM5.89,RM6.70,https://vgg.bites.com.my/collections/canned-food-instant-meals/products/cirio-pizza-sauce-box-390g
https://vgg.bites.com.my/collections/canned-food-instant-meals,Canned Food Instant Meals,CIRIO POLPA CHOPPED TOMATOES 400G,RM7.60,,https://vgg.bites.com.my/collections/canned-food-instant-meals/products/cirio-polpa-chopped-tomatoes-400g
https://vgg.bites.com.my/collections/canned-food-instant-meals,Canned Food Instant Meals,CAMPBELL'S COUNTRY MUSHRM CHICKEN SOUP 300G,RM6.79,RM6.95,https://vgg.bites.com.my/collections/canned-food-instant-meals/products/campbell-s-country-mushrm-chicken-soup-300g
https://vgg.bites.com.my/collections/canned-food-instant-meals,Canned Food Instant Meals,EDGELL CORN KERNELS NAS 420G,RM7.60,,https://vgg.bites.com.my/collections/canned-food-instant-meals/products/edgell-corn-kernels-nas-420g
https://vgg.bites.com.my/collections/canned-food-instant-meals,Canned Food Instant Meals,JOY IPOH HOT&SPICY SALTED CHICKEN SPICE BLEND 25G,RM11.80,,https://vgg.bites.com.my/collections/canned-food-instant-meals/products/joy-ipoh-hot-spicy-salted-chicken-spice-blend-25g
https://vgg.bites.com.my/collections/canned-food-instant-meals,Canned Food Instant Meals,KOHINOOR COOK-IN SAUCE - BOMBAY EGG CURRY 375GM,RM14.90,,https://vgg.bites.com.my/collections/canned-food-instant-meals/products/kohinoor-cook-in-sauce-bombay-egg-curry-375gm
https://vgg.bites.com.my/collections/canned-food-instant-meals,Canned Food Instant Meals,MAGGI CHICKEN 5X77G,RM4.99,RM6.25,https://vgg.bites.com.my/collections/canned-food-instant-meals/products/maggi-chicken-5x77g
https://vgg.bites.com.my/collections/canned-food-instant-meals,Canned Food Instant Meals,MAGGI PEDAS GILER CHEEZY BERAPI 94G,RM5.00,,https://vgg.bites.com.my/collections/canned-food-instant-meals/products/maggi-pedas-giler-cheezy-berapi-94g
https://vgg.bites.com.my/collections/canned-food-instant-meals,Canned Food Instant Meals,MAGGI SYIOK TOM YAM KAW 96G,RM4.60,,https://vgg.bites.com.my/collections/canned-food-instant-meals/products/maggi-syiok-tom-yam-kaw-96g
https://vgg.bites.com.my/collections/canned-food-instant-meals,Canned Food Instant Meals,MAGGI PERISA TOM YAM KAW 5X88G,RM7.69,RM9.25,https://vgg.bites.com.my/collections/canned-food-instant-meals/products/maggi-perisa-tom-yam-kaw-5x88g
https://vgg.bites.com.my/collections/canned-food-instant-meals,Canned Food Instant Meals,MAKNYONYA INSTANT CHICKEN RICE 200G,RM9.80,,https://vgg.bites.com.my/collections/canned-food-instant-meals/products/maknyonya-instant-chicken-rice-200g
https://vgg.bites.com.my/collections/canned-food-instant-meals,Canned Food Instant Meals,MAMEE EXPRESS CUP CHICKEN 60G,RM2.05,,https://vgg.bites.com.my/collections/canned-food-instant-meals/products/mamee-express-cup-chicken-60g
https://vgg.bites.com.my/collections/canned-food-instant-meals,Canned Food Instant Meals,MAMEE EXPRESS CUP CURRY 60G,RM2.05,,https://vgg.bites.com.my/collections/canned-food-instant-meals/products/mamee-express-cup-curry-60g
https://vgg.bites.com.my/collections/canned-food-instant-meals,Canned Food Instant Meals,MAMEE EXPRESS CUP TOMYAM 60G,RM2.05,,https://vgg.bites.com.my/collections/canned-food-instant-meals/products/mamee-express-cup-tomyam-60g
https://vgg.bites.com.my/collections/canned-food-instant-meals,Canned Food Instant Meals,NISSIN CUP NOODLES TOM YAM SEAFOOD 70G,RM4.80,,https://vgg.bites.com.my/collections/canned-food-instant-meals/products/nissin-cup-noodles-tom-yam-seafood-70g
https://vgg.bites.com.my/collections/canned-food-instant-meals,Canned Food Instant Meals,NISSIN GEKI - HOT CARBO FLAVOUR (5'SX81G),RM13.30,,https://vgg.bites.com.my/collections/canned-food-instant-meals/products/nissin-geki-hot-carbo-flavour-5sx81g
https://vgg.bites.com.my/collections/canned-food-instant-meals,Canned Food Instant Meals,NISSIN GEKI - HOT CHICKEN (5'SX80G),RM13.30,,https://vgg.bites.com.my/collections/canned-food-instant-meals/products/nissin-geki-hot-chicken-5sx80g
https://vgg.bites.com.my/collections/canned-food-instant-meals,Canned Food Instant Meals,NISSIN GEKI - HOT SPICY FLAVOR (5'SX74G),RM13.30,,https://vgg.bites.com.my/collections/canned-food-instant-meals/products/nissin-geki-hot-spicy-flavor-5sx74g
https://vgg.bites.com.my/collections/canned-food-instant-meals,Canned Food Instant Meals,NISSIN INSTANT NOODLE TOMYAM 5X85GM,RM10.90,,https://vgg.bites.com.my/collections/canned-food-instant-meals/products/nissin-instant-noodle-tomyam-5x85gm
https://vgg.bites.com.my/collections/canned-food-instant-meals,Canned Food Instant Meals,NISSIN JAPANESE RAMEN BOWL TOKYO SHOYU 110G,RM5.70,,https://vgg.bites.com.my/collections/canned-food-instant-meals/products/nissin-japanese-ramen-bowl-tokyo-shoyu-110g
https://vgg.bites.com.my/collections/canned-food-instant-meals,Canned Food Instant Meals,NISSIN CUP NOODLES SEAFOOD 69G,RM4.80,,https://vgg.bites.com.my/collections/canned-food-instant-meals/products/nissin-cup-noodles-seafood-69g
https://vgg.bites.com.my/collections/canned-food-instant-meals,Canned Food Instant Meals,SAMYANG H'CHIC ROSE FLAVOR RAMEN BOWL 105G,RM8.45,,https://vgg.bites.com.my/collections/canned-food-instant-meals/products/samyang-h-chic-rose-flavor-ramen-bowl-105g
https://vgg.bites.com.my/collections/canned-food-instant-meals,Canned Food Instant Meals,HOSEN RAMBUTAN PINEAPPLE 565GM,RM13.50,,https://vgg.bites.com.my/collections/canned-food-instant-meals/products/hosen-rambutan-pineapple-565gm-1
https://vgg.bites.com.my/collections/canned-food-instant-meals,Canned Food Instant Meals,HOUSE JAVA CURRY CHUKARA 220G,RM18.55,,https://vgg.bites.com.my/collections/canned-food-instant-meals/products/house-java-curry-chukara-220g
https://vgg.bites.com.my/collections/canned-food-instant-meals,Canned Food Instant Meals,HOUSE JAVA CURRY KARAKUCHI 220G,RM18.55,,https://vgg.bites.com.my/collections/canned-food-instant-meals/products/house-java-curry-karakuchi-220g
https://vgg.bites.com.my/collections/canned-food-instant-meals,Canned Food Instant Meals,HOUSE SHICHIMI TOUGARASHI 17GM,RM8.20,,https://vgg.bites.com.my/collections/canned-food-instant-meals/products/house-shichimi-tougarashi-17gm
https://vgg.bites.com.my/collections/canned-food-instant-meals,Canned Food Instant Meals,HOWEI AAA STRAW MUSHROOM 400G,RM3.19,RM6.30,https://vgg.bites.com.my/collections/canned-food-instant-meals/products/howei-aaa-straw-mushroom-400g
https://vgg.bites.com.my/collections/canned-food-instant-meals,Canned Food Instant Meals,MYOJO VEGETARIAN MUSHROOM 5SX80G,RM9.65,,https://vgg.bites.com.my/collections/canned-food-instant-meals/products/myojo-vegetarian-mushroom-5sx80g
https://vgg.bites.com.my/collections/canned-food-instant-meals,Canned Food Instant Meals,TC BOY CHILLI TUNA 150G,RM7.10,,https://vgg.bites.com.my/collections/canned-food-instant-meals/products/tc-boy-chilli-tuna-150g
https://vgg.bites.com.my/collections/canned-food-instant-meals,Canned Food Instant Meals,TC BOY SOLID WM TUNA IN EVOO 150G,RM7.45,,https://vgg.bites.com.my/collections/canned-food-instant-meals/products/tc-boy-solid-wm-tuna-in-evoo-150g
https://vgg.bites.com.my/collections/canned-food-instant-meals,Canned Food Instant Meals,TC BOY WHITE MEAT TUNA IN SPRING WATER 150G,RM7.45,,https://vgg.bites.com.my/collections/canned-food-instant-meals/products/tc-boy-white-meat-tuna-in-spring-water-150g
https://vgg.bites.com.my/collections/canned-food-instant-meals,Canned Food Instant Meals,TST BLACK VINEGAR  375ML,RM6.25,,https://vgg.bites.com.my/collections/canned-food-instant-meals/products/tst-black-vinegar-375ml
https://vgg.bites.com.my/collections/canned-food-instant-meals,Canned Food Instant Meals,MI SEDAAP GORENG SPICY'LICIOUS 5X86G,RM5.60,,https://vgg.bites.com.my/collections/canned-food-instant-meals/products/mi-sedaap-goreng-spicy-licious-5x86g
https://vgg.bites.com.my/collections/canned-food-instant-meals,Canned Food Instant Meals,TC BOY TUNA MAYONNAISE 150G,RM7.10,,https://vgg.bites.com.my/collections/canned-food-instant-meals/products/tc-boy-tuna-mayonnaise-150g
https://vgg.bites.com.my/collections/canned-food-instant-meals,Canned Food Instant Meals,GULONG STEWED PORK SLICED 383GM,RM22.90,,https://vgg.bites.com.my/collections/canned-food-instant-meals/products/gulong-stewed-pork-sliced-383gm
https://vgg.bites.com.my/collections/canned-food-instant-meals,Canned Food Instant Meals,CIRIO CHICK PEAS (BOX) 380G,RM6.25,,https://vgg.bites.com.my/collections/canned-food-instant-meals/products/cirio-chick-peas-box-380g
https://vgg.bites.com.my/collections/canned-food-instant-meals,Canned Food Instant Meals,PAMA PLAIN BIHUN GOLD INSTANT 350G,RM6.45,,https://vgg.bites.com.my/collections/canned-food-instant-meals/products/pama-plain-bihun-gold-instant-350g
https://vgg.bites.com.my/collections/canned-food-instant-meals,Canned Food Instant Meals,HOSEN WHOLE KERNEL CORN 400G,RM3.90,,https://vgg.bites.com.my/collections/canned-food-instant-meals/products/hosen-whole-kernel-corn-400g
https://vgg.bites.com.my/collections/canned-food-instant-meals,Canned Food Instant Meals,CIRIO RED KIDNEY (BOX) 380G,RM6.25,,https://vgg.bites.com.my/collections/canned-food-instant-meals/products/cirio-red-kidney-box-380g
https://vgg.bites.com.my/collections/canned-food-instant-meals,Canned Food Instant Meals,S&W PINEAPPLE SLICES 567GM,RM9.30,,https://vgg.bites.com.my/collections/canned-food-instant-meals/products/s-w-pineapple-slices-567gm
https://vgg.bites.com.my/collections/canned-food-instant-meals,Canned Food Instant Meals,NISSIN INSTANT NOODLE SESAME OIL 5X81G,RM10.90,,https://vgg.bites.com.my/collections/canned-food-instant-meals/products/nissin-instant-noodle-sesame-oil-5x81g
https://vgg.bites.com.my/collections/canned-food-instant-meals,Canned Food Instant Meals,NISSIN INSTANT NOODLE CHICKEN 5X82G,RM10.90,,https://vgg.bites.com.my/collections/canned-food-instant-meals/products/nissin-instant-noodle-chicken-5x82g
https://vgg.bites.com.my/collections/canned-food-instant-meals,Canned Food Instant Meals,INDOMIE MI GORENG ASLI 5X80G,RM5.89,,https://vgg.bites.com.my/collections/canned-food-instant-meals/products/indomie-mi-goreng-asli-5x80g
https://vgg.bites.com.my/collections/canned-food-instant-meals,Canned Food Instant Meals,MARUSAN YOSE NABE SOUP 750G,RM13.90,,https://vgg.bites.com.my/collections/canned-food-instant-meals/products/marusan-yose-nabe-soup-750g
https://vgg.bites.com.my/collections/canned-food-instant-meals,Canned Food Instant Meals,MEGAH MEE UDON 200G,RM2.35,,https://vgg.bites.com.my/collections/canned-food-instant-meals/products/megah-mee-udon-200g
https://vgg.bites.com.my/collections/canned-food-instant-meals,Canned Food Instant Meals,MEGAH MEE EGG EE FU NOODLE 230G,RM4.40,,https://vgg.bites.com.my/collections/canned-food-instant-meals/products/megah-mee-egg-ee-fu-noodle-230g
https://vgg.bites.com.my/collections/canned-food-instant-meals,Canned Food Instant Meals,MEGAH MEE CLAYPOT YEE MEE 375G,RM4.95,,https://vgg.bites.com.my/collections/canned-food-instant-meals/products/megah-mee-claypot-yee-mee-375g
https://vgg.bites.com.my/collections/canned-food-instant-meals,Canned Food Instant Meals,MEGAH MEE CANTON YEE MEE 320G,RM5.35,,https://vgg.bites.com.my/collections/canned-food-instant-meals/products/megah-mee-canton-yee-mee-320g
https://vgg.bites.com.my/collections/canned-food-instant-meals,Canned Food Instant Meals,MEGAH MEE SHABU SHABU NOODLES 400G,RM6.50,,https://vgg.bites.com.my/collections/canned-food-instant-meals/products/megah-mee-shabu-shabu-noodles-400g
https://vgg.bites.com.my/collections/canned-food-instant-meals,Canned Food Instant Meals,CAMPBELL'S CREAM OF MUSHROOM SOUP 290G,RM6.19,RM6.40,https://vgg.bites.com.my/collections/canned-food-instant-meals/products/campbell-s-cream-of-mushroom-soup-290g
https://vgg.bites.com.my/collections/canned-food-instant-meals,Canned Food Instant Meals,CAMPBELL'S MUSHROOM POTTAGE 300G,RM6.19,RM6.40,https://vgg.bites.com.my/collections/canned-food-instant-meals/products/campbell-s-mushroom-pottage-300g
https://vgg.bites.com.my/collections/canned-food-instant-meals,Canned Food Instant Meals,CAMPBELL'S CREAM OF CHICKEN SOUP 300G,RM6.19,RM6.40,https://vgg.bites.com.my/collections/canned-food-instant-meals/products/campbell-s-cream-of-chicken-soup-300g
https://vgg.bites.com.my/collections/canned-food-instant-meals,Canned Food Instant Meals,CAMPBELL'S CREAMY CHIC MUSHRM SOUP 300G,RM6.19,RM6.40,https://vgg.bites.com.my/collections/canned-food-instant-meals/products/campbell-s-creamy-chic-mushrm-soup-300g
https://vgg.bites.com.my/collections/canned-food-instant-meals,Canned Food Instant Meals,CAMPBELL'S WILD MUSHROOM SOUP 295G,RM6.79,RM6.95,https://vgg.bites.com.my/collections/canned-food-instant-meals/products/campbell-s-wild-mushroom-soup-295g
https://vgg.bites.com.my/collections/canned-food-instant-meals,Canned Food Instant Meals,CAMPBELL'S INST CRM OF MUSHRM SOUP 3X21.1G,RM5.39,RM5.80,https://vgg.bites.com.my/collections/canned-food-instant-meals/products/campbell-s-inst-crm-of-mushrm-soup-3x21-1g
https://vgg.bites.com.my/collections/canned-food-instant-meals,Canned Food Instant Meals,CAMPBELL'S INST WILD MUSHRM SOUP 3X16.8G,RM5.39,RM5.80,https://vgg.bites.com.my/collections/canned-food-instant-meals/products/campbell-s-inst-wild-mushrm-soup-3x16-8g
https://vgg.bites.com.my/collections/canned-food-instant-meals,Canned Food Instant Meals,BISTO GRANULES ONION 190G,RM19.15,,https://vgg.bites.com.my/collections/canned-food-instant-meals/products/bisto-granules-onion-190g
https://vgg.bites.com.my/collections/canned-food-instant-meals,Canned Food Instant Meals,BISTO GRAVY GRANULES BEEF 190G,RM19.90,,https://vgg.bites.com.my/collections/canned-food-instant-meals/products/bisto-gravy-granules-beef-190g
https://vgg.bites.com.my/collections/canned-food-instant-meals,Canned Food Instant Meals,BISTO GRAVY GRANULES R/SALT BEEF 190G,RM19.15,,https://vgg.bites.com.my/collections/canned-food-instant-meals/products/bisto-gravy-granules-r-salt-beef-190g
https://vgg.bites.com.my/collections/canned-food-instant-meals,Canned Food Instant Meals,DAEBAK SEAFOOD JJAMPONG RAMYEON 5X101G,RM13.99,RM14.95,https://vgg.bites.com.my/collections/canned-food-instant-meals/products/daebak-seafood-jjampong-ramyeon-5x101g
https://vgg.bites.com.my/collections/canned-food-instant-meals,Canned Food Instant Meals,CIRIO BORLOTTI BEANS (BOX) 380G,RM6.25,,https://vgg.bites.com.my/collections/canned-food-instant-meals/products/cirio-borlotti-beans-box-380g
https://vgg.bites.com.my/collections/canned-food-instant-meals,Canned Food Instant Meals,CIRIO LENTIL (BOX) 380G,RM6.25,,https://vgg.bites.com.my/collections/canned-food-instant-meals/products/cirio-lentil-box-380g
https://vgg.bites.com.my/collections/canned-food-instant-meals,Canned Food Instant Meals,BISTO GRAVY GRANULES CHICKEN 190G,RM19.15,,https://vgg.bites.com.my/collections/canned-food-instant-meals/products/bisto-gravy-granules-chicken-190g
https://vgg.bites.com.my/collections/canned-food-instant-meals,Canned Food Instant Meals,NISSIN IRVIN'S SALTED EGG INSTANT NOODLES 5X113G,RM30.90,,https://vgg.bites.com.my/collections/canned-food-instant-meals/products/nissin-irvins-salted-egg-instant-noodles-5x113g
https://vgg.bites.com.my/collections/canned-food-instant-meals,Canned Food Instant Meals,CIAO CHICK PEAS 400GM,RM5.65,,https://vgg.bites.com.my/collections/canned-food-instant-meals/products/ciao-chick-peas-400gm
https://vgg.bites.com.my/collections/canned-food-instant-meals,Canned Food Instant Meals,DAEBAK SPICY MUSHROOM RAMYEON CUP 66G,RM4.10,,https://vgg.bites.com.my/collections/canned-food-instant-meals/products/daebak-spicy-mushroom-ramyeon-cup-66g
https://vgg.bites.com.my/collections/canned-food-instant-meals,Canned Food Instant Meals,DAEBAK MIYEOK GUK RAMYEON CUP 68G,RM4.10,,https://vgg.bites.com.my/collections/canned-food-instant-meals/products/daebak-miyeok-guk-ramyeon-cup-68g
https://vgg.bites.com.my/collections/canned-food-instant-meals,Canned Food Instant Meals,DAEBAK RABOKKI CUP 73G,RM4.10,,https://vgg.bites.com.my/collections/canned-food-instant-meals/products/daebak-rabokki-cup-73g
https://vgg.bites.com.my/collections/canned-food-instant-meals,Canned Food Instant Meals,KITCHEN DELITE SARDINES 425G,RM8.50,,https://vgg.bites.com.my/collections/canned-food-instant-meals/products/kitchen-delite-sardines-425g
https://vgg.bites.com.my/collections/canned-food-instant-meals,Canned Food Instant Meals,KITCHEN DELITE SARDINES 155G,RM3.90,,https://vgg.bites.com.my/collections/canned-food-instant-meals/products/kitchen-delite-sardines-155g
https://vgg.bites.com.my/collections/canned-food-instant-meals,Canned Food Instant Meals,SAMYANG H'CHIC CREAM CARBONARA RAMEN BOWL 120G,RM8.45,,https://vgg.bites.com.my/collections/canned-food-instant-meals/products/samyang-h-chic-cream-carbonara-ramen-bowl-120g
https://vgg.bites.com.my/collections/canned-food-instant-meals,Canned Food Instant Meals,NISSIN CUP NOODLES CHICKEN MUSHROOM 70G,RM4.80,,https://vgg.bites.com.my/collections/canned-food-instant-meals/products/nissin-cup-noodles-chicken-mushroom-70g
https://vgg.bites.com.my/collections/canned-food-instant-meals,Canned Food Instant Meals,WOOLWORTHS SUNDRIED TOMATO HALVES 500G,RM25.20,,https://vgg.bites.com.my/collections/canned-food-instant-meals/products/woolworths-sundried-tomato-halves-500g
https://vgg.bites.com.my/collections/canned-food-instant-meals,Canned Food Instant Meals,CIAO LENTILS 400GM,RM5.65,,https://vgg.bites.com.my/collections/canned-food-instant-meals/products/ciao-lentils-400gm
https://vgg.bites.com.my/collections/canned-food-instant-meals,Canned Food Instant Meals,CIAO BUTTER BEANS 400GM,RM5.65,,https://vgg.bites.com.my/collections/canned-food-instant-meals/products/ciao-butter-beans-400gm
https://vgg.bites.com.my/collections/canned-food-instant-meals,Canned Food Instant Meals,KAWAN DHALL CURRY 130G,RM5.05,,https://vgg.bites.com.my/collections/canned-food-instant-meals/products/kawan-dhall-curry-130g
https://vgg.bites.com.my/collections/canned-food-instant-meals,Canned Food Instant Meals,CHINA NONG SHIM CLAY POT BIG BOWL 117G,RM6.25,,https://vgg.bites.com.my/collections/canned-food-instant-meals/products/china-nong-shim-clay-pot-big-bowl-117g
https://vgg.bites.com.my/collections/canned-food-instant-meals,Canned Food Instant Meals,NONGSHIM KIMCHI NOODLE 5X120GM,RM17.99,RM19.60,https://vgg.bites.com.my/collections/canned-food-instant-meals/products/nongshim-kimchi-noodle-5x120gm
https://vgg.bites.com.my/collections/canned-food-instant-meals,Canned Food Instant Meals,NONG SHIM CLAY POT RAMYUN 5X120G,RM17.99,RM19.85,https://vgg.bites.com.my/collections/canned-food-instant-meals/products/nong-shim-clay-pot-ramyun-5x120g
https://vgg.bites.com.my/collections/canned-food-instant-meals,Canned Food Instant Meals,NONGSHIM SHIN RAMYUN (POTATO) 5X110G,RM17.99,RM19.85,https://vgg.bites.com.my/collections/canned-food-instant-meals/products/nongshim-shin-ramyun-potato-5x110g
https://vgg.bites.com.my/collections/canned-food-instant-meals,Canned Food Instant Meals,CNS SEAFOOD BULGOGI RAMYUN FRIED NOODLE 5 PACK,RM17.99,RM19.60,https://vgg.bites.com.my/collections/canned-food-instant-meals/products/cns-seafood-bulgogi-ramyun-fried-noodle-5-pack
https://vgg.bites.com.my/collections/canned-food-instant-meals,Canned Food Instant Meals,MAMEE CHEF CUP CURRY LAKSA 72GM,RM3.10,,https://vgg.bites.com.my/collections/canned-food-instant-meals/products/mamee-chef-cup-curry-laksa-72gm
https://vgg.bites.com.my/collections/canned-food-instant-meals,Canned Food Instant Meals,MAMEE CHEF CUP SPICY CHIC SHIITAKE 62G,RM3.10,,https://vgg.bites.com.my/collections/canned-food-instant-meals/products/mamee-chef-cup-spicy-chic-shiitake-62g
https://vgg.bites.com.my/collections/canned-food-instant-meals,Canned Food Instant Meals,MAMEE CHEF CUP TOMYAM 72GM,RM3.10,,https://vgg.bites.com.my/collections/canned-food-instant-meals/products/mamee-chef-cup-tomyam-72gm
https://vgg.bites.com.my/collections/canned-food-instant-meals,Canned Food Instant Meals,MAMEE CHEF LONTONG CUP 84G,RM3.10,,https://vgg.bites.com.my/collections/canned-food-instant-meals/products/mamee-chef-lontong-cup-84g
https://vgg.bites.com.my/collections/canned-food-instant-meals,Canned Food Instant Meals,MAGGI HOT CUP CHICKEN 6X57G,RM14.30,,https://vgg.bites.com.my/collections/canned-food-instant-meals/products/maggi-hot-cup-chicken-6x57g
https://vgg.bites.com.my/collections/canned-food-instant-meals,Canned Food Instant Meals,MAGGI HOT CUP CURRY 6X58G,RM14.30,,https://vgg.bites.com.my/collections/canned-food-instant-meals/products/maggi-hot-cup-curry-6x58g
https://vgg.bites.com.my/collections/canned-food-instant-meals,Canned Food Instant Meals,MAGGI HOT CUP TOM YAM 6X60G,RM14.30,,https://vgg.bites.com.my/collections/canned-food-instant-meals/products/maggi-hot-cup-tom-yam-6x60g
https://vgg.bites.com.my/collections/canned-food-instant-meals,Canned Food Instant Meals,YOUNG POONG ROSE SPICY TOPOKKI CUP 120G,RM10.50,,https://vgg.bites.com.my/collections/canned-food-instant-meals/products/young-poong-rose-spicy-topokki-cup-120g
https://vgg.bites.com.my/collections/canned-food-instant-meals,Canned Food Instant Meals,YOUNG POONG ORIGINAL TOPOKKI CUP 120G,RM10.50,,https://vgg.bites.com.my/collections/canned-food-instant-meals/products/young-poong-original-topokki-cup-120g
https://vgg.bites.com.my/collections/canned-food-instant-meals,Canned Food Instant Meals,YOUNG POONG SPICY TOPOKKI CUP 120G,RM10.50,,https://vgg.bites.com.my/collections/canned-food-instant-meals/products/young-poong-spicy-topokki-cup-120g
https://vgg.bites.com.my/collections/canned-food-instant-meals,Canned Food Instant Meals,YOUNG POONG JJAJANG TOPOKKI CUP 120G,RM10.50,,https://vgg.bites.com.my/collections/canned-food-instant-meals/products/young-poong-jjajang-topokki-cup-120g
https://vgg.bites.com.my/collections/canned-food-instant-meals,Canned Food Instant Meals,YANGBAN RICE PORRIDGE W ABALONE 420G,RM16.90,,https://vgg.bites.com.my/collections/canned-food-instant-meals/products/yangban-rice-porridge-w-abalone-420g
https://vgg.bites.com.my/collections/canned-food-instant-meals,Canned Food Instant Meals,YANGBAN RICE PORRIDGE W MINCED BEEF 420G,RM16.90,,https://vgg.bites.com.my/collections/canned-food-instant-meals/products/yangban-rice-porridge-w-minced-beef-420g
https://vgg.bites.com.my/collections/canned-food-instant-meals,Canned Food Instant Meals,YANGBAN RICE PORRIDGE W VENUS CLAM 420G,RM14.90,,https://vgg.bites.com.my/collections/canned-food-instant-meals/products/yangban-rice-porridge-w-venus-clam-420g
https://vgg.bites.com.my/collections/canned-food-instant-meals,Canned Food Instant Meals,MAGGI CURRY 5+1X79G,RM4.99,RM6.25,https://vgg.bites.com.my/collections/canned-food-instant-meals/products/maggi-curry-5-1x79g
https://vgg.bites.com.my/collections/canned-food-instant-meals,Canned Food Instant Meals,MAGGI MI GORENG CILI ALA KAMPUNG 5X77G,RM7.69,RM7.90,https://vgg.bites.com.my/collections/canned-food-instant-meals/products/maggi-mi-goreng-cili-ala-kampung-5x77g
https://vgg.bites.com.my/collections/canned-food-instant-meals,Canned Food Instant Meals,GHEE HIANG TEELSEED OIL 680ML,RM35.95,,https://vgg.bites.com.my/collections/canned-food-instant-meals/products/ghee-hiang-teelseed-oil-680ml
https://vgg.bites.com.my/collections/canned-food-instant-meals,Canned Food Instant Meals,IBUMIE ALWAYS MI GORENG ASLI 5X80G,RM6.40,,https://vgg.bites.com.my/collections/canned-food-instant-meals/products/ibumie-always-mi-goreng-asli-5x80g
https://vgg.bites.com.my/collections/canned-food-instant-meals,Canned Food Instant Meals,IBUMIE AMG K.KPITAN 5X80G,RM6.40,,https://vgg.bites.com.my/collections/canned-food-instant-meals/products/ibumie-amg-k-kpitan-5x80g
https://vgg.bites.com.my/collections/canned-food-instant-meals,Canned Food Instant Meals,IBUMIE AMG S.UDANG 5X80G,RM6.40,,https://vgg.bites.com.my/collections/canned-food-instant-meals/products/ibumie-amg-s-udang-5x80g
https://vgg.bites.com.my/collections/canned-food-instant-meals,Canned Food Instant Meals,IBUMIE AMG T.TOMYAM 5X80G,RM6.40,,https://vgg.bites.com.my/collections/canned-food-instant-meals/products/ibumie-amg-t-tomyam-5x80g
https://vgg.bites.com.my/collections/canned-food-instant-meals,Canned Food Instant Meals,JOHN WEST CHUNK STYLE TUNA IN OLIVE OIL BLEND 95G,RM7.00,,https://vgg.bites.com.my/collections/canned-food-instant-meals/products/john-west-chunk-style-tuna-in-olive-oil-blend-95g
https://vgg.bites.com.my/collections/canned-food-instant-meals,Canned Food Instant Meals,JOHN WEST TUNA CHUNK SPRINGWATER 95G,RM7.00,,https://vgg.bites.com.my/collections/canned-food-instant-meals/products/john-west-tuna-chunk-springwater-95g
https://vgg.bites.com.my/collections/canned-food-instant-meals,Canned Food Instant Meals,JOHN WEST TUNA FIERY JALAPENO 95G,RM7.00,,https://vgg.bites.com.my/collections/canned-food-instant-meals/products/john-west-tuna-fiery-jalapeno-95g
https://vgg.bites.com.my/collections/canned-food-instant-meals,Canned Food Instant Meals,JOHN WEST TUNA TEMP LEMON CRACKED PEPPER 95G,RM7.50,,https://vgg.bites.com.my/collections/canned-food-instant-meals/products/john-west-tuna-temp-lemon-cracked-pepper-95g
https://vgg.bites.com.my/collections/canned-food-instant-meals,Canned Food Instant Meals,JOHN WEST TUNA TEMP LIGHT ONION & TOMATO 95G,RM7.50,,https://vgg.bites.com.my/collections/canned-food-instant-meals/products/john-west-tuna-temp-light-onion-tomato-95g
https://vgg.bites.com.my/collections/canned-food-instant-meals,Canned Food Instant Meals,JOHN WEST TUNA TEMP LIGHT SPRING WATER 95G,RM7.50,,https://vgg.bites.com.my/collections/canned-food-instant-meals/products/john-west-tuna-temp-light-spring-water-95g
https://vgg.bites.com.my/collections/canned-food-instant-meals,Canned Food Instant Meals,JOHN WEST TUNA TEMP ONION & TOMATO 95G,RM7.50,,https://vgg.bites.com.my/collections/canned-food-instant-meals/products/john-west-tuna-temp-onion-tomato-95g
https://vgg.bites.com.my/collections/canned-food-instant-meals,Canned Food Instant Meals,JOHN WEST TUNA TEMPTERS CHILLI 95G,RM7.50,,https://vgg.bites.com.my/collections/canned-food-instant-meals/products/john-west-tuna-tempters-chilli-95g
https://vgg.bites.com.my/collections/canned-food-instant-meals,Canned Food Instant Meals,JOHN WEST TUNA TEMPTERS MANGO CHILLI 95G,RM7.50,,https://vgg.bites.com.my/collections/canned-food-instant-meals/products/john-west-tuna-tempters-mango-chilli-95g
https://vgg.bites.com.my/collections/canned-food-instant-meals,Canned Food Instant Meals,JOHN WEST TUNA TEMPTERS SWEET CHILLI 95G,RM7.50,,https://vgg.bites.com.my/collections/canned-food-instant-meals/products/john-west-tuna-tempters-sweet-chilli-95g
https://vgg.bites.com.my/collections/canned-food-instant-meals,Canned Food Instant Meals,AYAM BRAND MACKERELS IN TOMATO SAUCE 300G,RM9.45,,https://vgg.bites.com.my/collections/canned-food-instant-meals/products/ayam-brand-mackerels-in-tomato-sauce-300g
https://vgg.bites.com.my/collections/canned-food-instant-meals,Canned Food Instant Meals,NONGSHIM SHIN STIR FRY CHEESE RAMYUN 5X136G,RM23.20,,https://vgg.bites.com.my/collections/canned-food-instant-meals/products/nongshim-shin-stir-fry-cheese-ramyun-5x136g
https://vgg.bites.com.my/collections/canned-food-instant-meals,Canned Food Instant Meals,NONGSHIM SHIN SPICY CHICKEN RAMYUN 5X120G,RM23.20,,https://vgg.bites.com.my/collections/canned-food-instant-meals/products/nongshim-shin-spicy-chicken-ramyun-5x120g
https://vgg.bites.com.my/collections/canned-food-instant-meals,Canned Food Instant Meals,NONG SHIM SHIN SOON VEGE RAMYUN 5X112G,RM17.99,RM19.90,https://vgg.bites.com.my/collections/canned-food-instant-meals/products/nong-shim-shin-soon-vege-ramyun-5x112g
https://vgg.bites.com.my/collections/canned-food-instant-meals,Canned Food Instant Meals,NONGSHIM CHAPAGETTI CHAJANG MYUN 5X140GM,RM22.99,RM24.90,https://vgg.bites.com.my/collections/canned-food-instant-meals/products/nongshim-chapagetti-chajang-myun-5x140gm
https://vgg.bites.com.my/collections/canned-food-instant-meals,Canned Food Instant Meals,HEINZ BAKED BEANS IN RICH TOMATO SAUCE 3X220G,RM20.90,,https://vgg.bites.com.my/collections/canned-food-instant-meals/products/heinz-baked-beans-in-rich-tomato-sauce-3x220g
https://vgg.bites.com.my/collections/canned-food-instant-meals,Canned Food Instant Meals,MYKUALI PENANG WHITE CURRY 4X110GM,RM10.99,RM11.85,https://vgg.bites.com.my/collections/canned-food-instant-meals/products/mykuali-penang-white-curry-4x110gm
https://vgg.bites.com.my/collections/canned-food-instant-meals,Canned Food Instant Meals,MYKUALI PENANG HOKKIEN PRAWN 4X105GM,RM10.99,RM11.85,https://vgg.bites.com.my/collections/canned-food-instant-meals/products/mykuali-penang-hokkien-prawn-4x105gm
https://vgg.bites.com.my/collections/canned-food-instant-meals,Canned Food Instant Meals,MYKUALI PENANG RED TOM YAM GONG 4X105GM,RM10.99,RM11.85,https://vgg.bites.com.my/collections/canned-food-instant-meals/products/mykuali-penang-red-tom-yam-gong-4x105gm
https://vgg.bites.com.my/collections/canned-food-instant-meals,Canned Food Instant Meals,MYKUALI PENANG LIMITED EDITION,RM10.99,RM11.85,https://vgg.bites.com.my/collections/canned-food-instant-meals/products/mykuali-penang-limited-edition
https://vgg.bites.com.my/collections/canned-food-instant-meals,Canned Food Instant Meals,MYKUALI MI GORENG MAMAK NOODLE 4X95G,RM10.99,RM11.85,https://vgg.bites.com.my/collections/canned-food-instant-meals/products/mykuali-mi-goreng-mamak-noodle-4x95g
https://vgg.bites.com.my/collections/canned-food-instant-meals,Canned Food Instant Meals,CIRIO SUPERCIRIO TOMATO PASTE 140G,RM10.60,,https://vgg.bites.com.my/collections/canned-food-instant-meals/products/cirio-supercirio-tomato-paste-140g
https://vgg.bites.com.my/collections/canned-food-instant-meals,Canned Food Instant Meals,MAGGI SYIOK AGLIO OLIO 89G,RM4.60,,https://vgg.bites.com.my/collections/canned-food-instant-meals/products/maggi-syiok-aglio-olio-89g
https://vgg.bites.com.my/collections/canned-food-instant-meals,Canned Food Instant Meals,MAGGI SYIOK CILI KAMPUNG GORENG 94G,RM4.60,,https://vgg.bites.com.my/collections/canned-food-instant-meals/products/maggi-syiok-cili-kampung-goreng-94g
https://vgg.bites.com.my/collections/canned-food-instant-meals,Canned Food Instant Meals,MAGGI SYIOK KARI KAW 90G,RM4.60,,https://vgg.bites.com.my/collections/canned-food-instant-meals/products/maggi-syiok-kari-kaw-90g
https://vgg.bites.com.my/collections/canned-food-instant-meals,Canned Food Instant Meals,SUDEE PADPRIK 35G,RM4.40,,https://vgg.bites.com.my/collections/canned-food-instant-meals/products/sudee-padprik-35g
https://vgg.bites.com.my/collections/canned-food-instant-meals,Canned Food Instant Meals,SUDEE SALTED EGG 35G,RM5.75,,https://vgg.bites.com.my/collections/canned-food-instant-meals/products/sudee-salted-egg-35g
https://vgg.bites.com.my/collections/canned-food-instant-meals,Canned Food Instant Meals,SUDEE BUTTERMILK 35G,RM4.40,,https://vgg.bites.com.my/collections/canned-food-instant-meals/products/sudee-buttermilk-35g
https://vgg.bites.com.my/collections/canned-food-instant-meals,Canned Food Instant Meals,KING CUP SARDINES 425G,RM10.25,,https://vgg.bites.com.my/collections/canned-food-instant-meals/products/king-cup-sardines-425g
https://vgg.bites.com.my/collections/canned-food-instant-meals,Canned Food Instant Meals,MAMEE CHEF CREAMY TOM YAM 4X82G,RM4.99,RM7.10,https://vgg.bites.com.my/collections/canned-food-instant-meals/products/mamee-chef-creamy-tom-yam-4x82g
https://vgg.bites.com.my/collections/canned-food-instant-meals,Canned Food Instant Meals,MAMEE CHEF CURRY LAKSA 4X89G,RM4.99,RM7.10,https://vgg.bites.com.my/collections/canned-food-instant-meals/products/mamee-chef-curry-laksa-4x89g
https://vgg.bites.com.my/collections/canned-food-instant-meals,Canned Food Instant Meals,MAMEE CHEF LONTONG 4X97G,RM4.99,RM7.10,https://vgg.bites.com.my/collections/canned-food-instant-meals/products/mamee-chef-lontong-4x97g
https://vgg.bites.com.my/collections/canned-food-instant-meals,Canned Food Instant Meals,MAMEE CHEF SPICY CHICKEN SHITAKE 4X78G,RM4.99,RM7.10,https://vgg.bites.com.my/collections/canned-food-instant-meals/products/mamee-chef-spicy-chicken-shitake-4x78g
https://vgg.bites.com.my/collections/canned-food-instant-meals,Canned Food Instant Meals,MAMEE CHEF SARAWAK LAKSA 4X90G,RM4.99,RM7.10,https://vgg.bites.com.my/collections/canned-food-instant-meals/products/mamee-chef-sarawak-laksa-4x90g
https://vgg.bites.com.my/collections/canned-food-instant-meals,Canned Food Instant Meals,NONGSHIM NEOGURI RAMYUN (SPICY) 5X120G,RM23.20,,https://vgg.bites.com.my/collections/canned-food-instant-meals/products/nongshim-neoguri-ramyun-spicy-5x120g
https://vgg.bites.com.my/collections/canned-food-instant-meals,Canned Food Instant Meals,NONGSHIM SHIN RAMYUN TOM YUM 4X123G,RM23.20,,https://vgg.bites.com.my/collections/canned-food-instant-meals/products/nongshim-shin-ramyun-tom-yum-4x123g
https://vgg.bites.com.my/collections/canned-food-instant-meals,Canned Food Instant Meals,NONGSHIM SHIN STIR FRY RAMYUN TOM YUM 4X130G,RM23.20,,https://vgg.bites.com.my/collections/canned-food-instant-meals/products/nongshim-shin-stir-fry-ramyun-tom-yum-4x130g
https://vgg.bites.com.my/collections/canned-food-instant-meals,Canned Food Instant Meals,NONGSHIM SHIN RAMYUN TOOMBA 4X137G,RM23.20,,https://vgg.bites.com.my/collections/canned-food-instant-meals/products/nongshim-shin-ramyun-toomba-4x137g
https://vgg.bites.com.my/collections/canned-food-instant-meals,Canned Food Instant Meals,COPPOLA PASSATA - SIEVED TOMATOES 680G,RM11.05,,https://vgg.bites.com.my/collections/canned-food-instant-meals/products/coppola-passata-sieved-tomatoes-680g
https://vgg.bites.com.my/collections/canned-food-instant-meals,Canned Food Instant Meals,CIRIO PASSATA TETRA BRIK 3X200GM,RM11.25,,https://vgg.bites.com.my/collections/canned-food-instant-meals/products/cirio-passata-tetra-brik-3x200gm
https://vgg.bites.com.my/collections/canned-food-instant-meals,Canned Food Instant Meals,CIRIO CREAMY TOMATO SOUP 500G,RM10.20,,https://vgg.bites.com.my/collections/canned-food-instant-meals/products/cirio-creamy-tomato-soup-500g
https://vgg.bites.com.my/collections/canned-food-instant-meals,Canned Food Instant Meals,CIRIO CREAMY CHICKPEAS SOUP 500G,RM10.20,,https://vgg.bites.com.my/collections/canned-food-instant-meals/products/cirio-creamy-chickpeas-soup-500g
https://vgg.bites.com.my/collections/canned-food-instant-meals,Canned Food Instant Meals,CIRIO CREAMY BEAN SOUP 500G,RM10.20,,https://vgg.bites.com.my/collections/canned-food-instant-meals/products/cirio-creamy-bean-soup-500g
https://vgg.bites.com.my/collections/canned-food-instant-meals,Canned Food Instant Meals,RED CHEF PENANG WHITE CURRY MEE 4X100G,RM10.30,,https://vgg.bites.com.my/collections/canned-food-instant-meals/products/red-chef-penang-white-curry-mee-4x100g
https://vgg.bites.com.my/collections/canned-food-instant-meals,Canned Food Instant Meals,RED CHEF PENANG PRAWN MEE 4X90G,RM10.30,,https://vgg.bites.com.my/collections/canned-food-instant-meals/products/red-chef-penang-prawn-mee-4x90g
https://vgg.bites.com.my/collections/canned-food-instant-meals,Canned Food Instant Meals,NISSIN IRVIN'S MALA SALTED EGG NOODLES 5X113G,RM30.90,,https://vgg.bites.com.my/collections/canned-food-instant-meals/products/nissin-irvins-mala-salted-egg-noodles-5x113g
https://vgg.bites.com.my/collections/canned-food-instant-meals,Canned Food Instant Meals,CAMPBELL CRAB CHOWDER 290G,RM8.59,RM9.05,https://vgg.bites.com.my/collections/canned-food-instant-meals/products/campbell-crab-chowder-290g
https://vgg.bites.com.my/collections/canned-food-instant-meals,Canned Food Instant Meals,MAMEE PREMIUM CURRY 5X75G,RM3.89,RM5.60,https://vgg.bites.com.my/collections/canned-food-instant-meals/products/mamee-premium-curry-5x75g
https://vgg.bites.com.my/collections/canned-food-instant-meals,Canned Food Instant Meals,MAMEE PREMIUM CHICKEN 5X73G,RM3.89,RM5.60,https://vgg.bites.com.my/collections/canned-food-instant-meals/products/mamee-premium-chicken-5x73g
https://vgg.bites.com.my/collections/canned-food-instant-meals,Canned Food Instant Meals,MAMEE PREMIUM VEGETARIAN 5X75G,RM3.89,RM5.60,https://vgg.bites.com.my/collections/canned-food-instant-meals/products/mamee-premium-vegetarian-5x75g
https://vgg.bites.com.my/collections/canned-food-instant-meals,Canned Food Instant Meals,MAMEE PREMIUM DUCK 5X76G,RM3.89,RM5.60,https://vgg.bites.com.my/collections/canned-food-instant-meals/products/mamee-premium-duck-5x76g
https://vgg.bites.com.my/collections/canned-food-instant-meals,Canned Food Instant Meals,PALDO RABOKKI 4X145G,RM25.05,,https://vgg.bites.com.my/collections/canned-food-instant-meals/products/paldo-rabokki-4x145g
https://vgg.bites.com.my/collections/canned-food-instant-meals,Canned Food Instant Meals,PALDO VOLCANO CARBONARA CHICKEN NOODLE 4X130G,RM26.50,,https://vgg.bites.com.my/collections/canned-food-instant-meals/products/paldo-volcano-carbonara-chicken-noodle-4x130g
https://vgg.bites.com.my/collections/canned-food-instant-meals,Canned Food Instant Meals,PALDO ILPOOM JAJANGMEN-BLACKBEAN 4X200G,RM30.30,,https://vgg.bites.com.my/collections/canned-food-instant-meals/products/paldo-ilpoom-jajangmen-blackbean-4x200g
https://vgg.bites.com.my/collections/canned-food-instant-meals,Canned Food Instant Meals,TRICIOUS 9.5'' PIZZA HAWAIIAN CHIC 340G,RM17.85,,https://vgg.bites.com.my/collections/canned-food-instant-meals/products/tricious-9-5-pizza-hawaiian-chic-340g
https://vgg.bites.com.my/collections/canned-food-instant-meals,Canned Food Instant Meals,TRICIOUS 9.5'' PIZZA BEEF PEPPERONI 320G,RM17.85,,https://vgg.bites.com.my/collections/canned-food-instant-meals/products/tricious-9-5-pizza-beef-pepperoni-320g
https://vgg.bites.com.my/collections/canned-food-instant-meals,Canned Food Instant Meals,TRICIOUS 9.5'' PIZZA CHICKEN SUPREME 300GM,RM17.85,,https://vgg.bites.com.my/collections/canned-food-instant-meals/products/tricious-9-5-pizza-chicken-supreme-300gm
https://vgg.bites.com.my/collections/canned-food-instant-meals,Canned Food Instant Meals,TRICIOUS 9.5'' PIZZA BBQ CHICKEN 340GM,RM17.85,,https://vgg.bites.com.my/collections/canned-food-instant-meals/products/tricious-9-5-pizza-bbq-chicken-340gm
https://vgg.bites.com.my/collections/canned-food-instant-meals,Canned Food Instant Meals,AYAM BRAND SABA CHILI 160G,RM7.70,,https://vgg.bites.com.my/collections/canned-food-instant-meals/products/ayam-brand-saba-chili-160g
https://vgg.bites.com.my/collections/canned-food-instant-meals,Canned Food Instant Meals,AYAM BRAND PULLED CHICKEN HOT CHILI 150G,RM7.19,RM8.00,https://vgg.bites.com.my/collections/canned-food-instant-meals/products/ayam-brand-pulled-chicken-hot-chili-150g
https://vgg.bites.com.my/collections/canned-food-instant-meals,Canned Food Instant Meals,AYAM BRAND PULLED CHICKEN MAYONNAISE 150G,RM7.19,RM8.00,https://vgg.bites.com.my/collections/canned-food-instant-meals/products/ayam-brand-pulled-chicken-mayonnaise-150g
https://vgg.bites.com.my/collections/canned-food-instant-meals,Canned Food Instant Meals,MAMEE CHEF WAGYU BOAT NOODLE 4X93G,RM4.99,RM7.10,https://vgg.bites.com.my/collections/canned-food-instant-meals/products/mamee-chef-wagyu-boat-noodle-4x93g
https://vgg.bites.com.my/collections/canned-food-instant-meals,Canned Food Instant Meals,VICTORIA SEA ASPARAGUS IN BRINE 425G,RM44.80,,https://vgg.bites.com.my/collections/canned-food-instant-meals/products/victoria-sea-asparagus-in-brine-425g
https://vgg.bites.com.my/collections/canned-food-instant-meals,Canned Food Instant Meals,WOOLWORTHS VEGETABLE LIQUID STOCK 1L,RM12.05,,https://vgg.bites.com.my/collections/canned-food-instant-meals/products/woolworths-vegetable-liquid-stock-1l
https://vgg.bites.com.my/collections/canned-food-instant-meals,Canned Food Instant Meals,BIBIGO STIR-FRIED RAMYUN K-CHICKEN 4X122G,RM11.99,RM18.90,https://vgg.bites.com.my/collections/canned-food-instant-meals/products/bibigo-stir-fried-ramyun-k-chicken-4x122g
https://vgg.bites.com.my/collections/canned-food-instant-meals,Canned Food Instant Meals,BIBIGO STIR-FRIED RAMYUN SMOKY K-CHICKEN 4X122G,RM11.99,RM18.90,https://vgg.bites.com.my/collections/canned-food-instant-meals/products/bibigo-stir-fried-ramyun-smoky-k-chicken-4x122g
https://vgg.bites.com.my/collections/canned-food-instant-meals,Canned Food Instant Meals,BIBIGO STIR-FRIED RAMYUN SPICY TTEOKBOKKI 4X122G,RM11.99,RM18.90,https://vgg.bites.com.my/collections/canned-food-instant-meals/products/bibigo-stir-fried-ramyun-spicy-tteokbokki-4x122g
https://vgg.bites.com.my/collections/canned-food-instant-meals,Canned Food Instant Meals,BIBIGO STIR-FRIED RAMYUN CHEESE TTEOKBOKKI 4X127G,RM11.99,RM18.90,https://vgg.bites.com.my/collections/canned-food-instant-meals/products/bibigo-stir-fried-ramyun-cheese-tteokbokki-4x127g
https://vgg.bites.com.my/collections/canned-food-instant-meals,Canned Food Instant Meals,BIBIGO STIR-FRIED RAMYUN KIMCHI 4X122G,RM11.99,RM18.90,https://vgg.bites.com.my/collections/canned-food-instant-meals/products/bibigo-stir-fried-ramyun-kimchi-4x122g
https://vgg.bites.com.my/collections/canned-food-instant-meals,Canned Food Instant Meals,JINJJA RAMYUN KIMCHI BOWL 117G,RM6.10,,https://vgg.bites.com.my/collections/canned-food-instant-meals/products/jinjja-ramyun-kimchi-bowl-117g
https://vgg.bites.com.my/collections/canned-food-instant-meals,Canned Food Instant Meals,JINJJA RAMYUN SPICY MUSHROOM BOWL 117G,RM6.10,,https://vgg.bites.com.my/collections/canned-food-instant-meals/products/jinjja-ramyun-spicy-mushroom-bowl-117g
https://vgg.bites.com.my/collections/canned-food-instant-meals,Canned Food Instant Meals,JINJJA RAMYUN SPICY CHICKEN BOWL 117G,RM6.10,,https://vgg.bites.com.my/collections/canned-food-instant-meals/products/jinjja-ramyun-spicy-chicken-bowl-117g
https://vgg.bites.com.my/collections/canned-food-instant-meals,Canned Food Instant Meals,CIRIO POLPA CHOPPED TOMATOES 4X400G,RM25.49,RM30.35,https://vgg.bites.com.my/collections/canned-food-instant-meals/products/cirio-polpa-chopped-tomatoes-4x400g
https://vgg.bites.com.my/collections/canned-food-instant-meals,Canned Food Instant Meals,CIRIO PELATI PEELED TOMATOES 4X400G,RM25.49,RM30.35,https://vgg.bites.com.my/collections/canned-food-instant-meals/products/cirio-pelati-peeled-tomatoes-4x400g
https://vgg.bites.com.my/collections/canned-food-instant-meals,Canned Food Instant Meals,SARAWAK MI KAMPUA 4X102G,RM19.95,,https://vgg.bites.com.my/collections/canned-food-instant-meals/products/sarawak-mi-kampua-4x102g
https://vgg.bites.com.my/collections/canned-food-instant-meals,Canned Food Instant Meals,MAMA VEGE SARAWAK KAMPUA MEE CHILI LIME 4X109G,RM19.95,,https://vgg.bites.com.my/collections/canned-food-instant-meals/products/mama-vege-sarawak-kampua-mee-chili-lime-4x109g
https://vgg.bites.com.my/collections/canned-food-instant-meals,Canned Food Instant Meals,LOVE EARTH ORGANIC KIDS PASTA VEGE MACARONI 175G,RM16.90,,https://vgg.bites.com.my/collections/canned-food-instant-meals/products/love-earth-organic-kids-pasta-vege-macaroni-175g
https://vgg.bites.com.my/collections/canned-food-instant-meals,Canned Food Instant Meals,LOVE EARTH ORGANIC KIDS PASTA FARM ANIMALS 175G,RM16.90,,https://vgg.bites.com.my/collections/canned-food-instant-meals/products/love-earth-organic-kids-pasta-farm-animals-175g
https://vgg.bites.com.my/collections/canned-food-instant-meals,Canned Food Instant Meals,AYAM BRAND PULLED CHICKEN BLACK PEPPER 150G,RM7.19,RM8.00,https://vgg.bites.com.my/collections/canned-food-instant-meals/products/ayam-brand-pulled-chicken-black-pepper-150g
https://vgg.bites.com.my/collections/canned-food-instant-meals,Canned Food Instant Meals,AYAM BRAND PULLED CHICKEN IN GOCHUJANG SAUCE 150G,RM7.19,RM8.00,https://vgg.bites.com.my/collections/canned-food-instant-meals/products/ayam-brand-pulled-chicken-in-gochujang-sauce-150g
https://vgg.bites.com.my/collections/canned-food-instant-meals,Canned Food Instant Meals,MUTTI WHOLE PEELED TOMATOES 400G,RM7.19,RM7.95,https://vgg.bites.com.my/collections/canned-food-instant-meals/products/mutti-whole-peeled-tomatoes-400g
https://vgg.bites.com.my/collections/canned-food-instant-meals,Canned Food Instant Meals,MUTTI CHERRY TOMATOES 400G,RM9.19,RM10.20,https://vgg.bites.com.my/collections/canned-food-instant-meals/products/mutti-cherry-tomatoes-400g
https://vgg.bites.com.my/collections/canned-food-instant-meals,Canned Food Instant Meals,MUTTI PIZZA SAUCE WIT SPICES 400G,RM8.79,RM9.70,https://vgg.bites.com.my/collections/canned-food-instant-meals/products/mutti-pizza-sauce-wit-spices-400g
https://vgg.bites.com.my/collections/canned-food-instant-meals,Canned Food Instant Meals,YOUNG POONG CHEESE TOPOKKI CUP 120G,RM10.50,,https://vgg.bites.com.my/collections/canned-food-instant-meals/products/young-poong-cheese-topokki-cup-120g
https://vgg.bites.com.my/collections/canned-food-instant-meals,Canned Food Instant Meals,YOUNG POONG TOMATO TOPOKKI CUP 120G,RM10.50,,https://vgg.bites.com.my/collections/canned-food-instant-meals/products/young-poong-tomato-topokki-cup-120g
https://vgg.bites.com.my/collections/canned-food-instant-meals,Canned Food Instant Meals,YOUNG POONG CARBONARA TOPOKKI CUP 120G,RM10.50,,https://vgg.bites.com.my/collections/canned-food-instant-meals/products/young-poong-carbonara-topokki-cup-120g
https://vgg.bites.com.my/collections/canned-food-instant-meals,Canned Food Instant Meals,JONGGA KIMCHI EXTRA CARROT 80G,RM7.20,,https://vgg.bites.com.my/collections/canned-food-instant-meals/products/jongga-kimchi-extra-carrot-80g
https://vgg.bites.com.my/collections/canned-food-instant-meals,Canned Food Instant Meals,JONGGA KIMCHI EXTRA SPICY 80G,RM7.20,,https://vgg.bites.com.my/collections/canned-food-instant-meals/products/jongga-kimchi-extra-spicy-80g
https://vgg.bites.com.my/collections/canned-food-instant-meals,Canned Food Instant Meals,MYKUALI PENANG WHITE CURRY BIHUN 90GM,RM5.95,,https://vgg.bites.com.my/collections/canned-food-instant-meals/products/mykuali-penang-white-curry-bihun-90gm
https://vgg.bites.com.my/collections/canned-food-instant-meals,Canned Food Instant Meals,MYKUALI PENANG HOKKIEN PRAWN BIHUN 90GM,RM5.95,,https://vgg.bites.com.my/collections/canned-food-instant-meals/products/mykuali-penang-hokkien-prawn-bihun-90gm
https://vgg.bites.com.my/collections/canned-food-instant-meals,Canned Food Instant Meals,MYKUALI PENANG MI GORENG MAMAK (BOWL) 100G,RM5.95,,https://vgg.bites.com.my/collections/canned-food-instant-meals/products/mykuali-penang-mi-goreng-mamak-bowl-100g
https://vgg.bites.com.my/collections/canned-food-instant-meals,Canned Food Instant Meals,MYKUALI PENANG HOKKIEN PRAWN NOODLE (BOWL) 110G,RM5.95,,https://vgg.bites.com.my/collections/canned-food-instant-meals/products/mykuali-penang-hokkien-prawn-noodle-bowl-110g
https://vgg.bites.com.my/collections/canned-food-instant-meals,Canned Food Instant Meals,MYKUALI PENANG WHITE CURRY NOODLE (BOWL) 110G,RM5.95,,https://vgg.bites.com.my/collections/canned-food-instant-meals/products/mykuali-penang-white-curry-noodle-bowl-110g
https://vgg.bites.com.my/collections/canned-food-instant-meals,Canned Food Instant Meals,MYKUALI PENANG ASAM LAKSA BIHUN (BOWL) 105G,RM6.99,RM7.50,https://vgg.bites.com.my/collections/canned-food-instant-meals/products/mykuali-penang-asam-laksa-bihun-bowl-105g
https://vgg.bites.com.my/collections/canned-food-instant-meals,Canned Food Instant Meals,MYKUALI WHITE CURRY VEGETARIAN 4X105G,RM10.99,RM11.90,https://vgg.bites.com.my/collections/canned-food-instant-meals/products/mykuali-white-curry-vegetarian-4x105g
https://vgg.bites.com.my/collections/canned-food-instant-meals,Canned Food Instant Meals,WOOLWORTHS TUNA LAKSA 95G,RM7.00,,https://vgg.bites.com.my/collections/canned-food-instant-meals/products/woolworths-tuna-laksa-95g
https://vgg.bites.com.my/collections/canned-food-instant-meals,Canned Food Instant Meals,WOOLWORTHS TUNA TOM YUM 95G,RM7.00,,https://vgg.bites.com.my/collections/canned-food-instant-meals/products/woolworths-tuna-tom-yum-95g
https://vgg.bites.com.my/collections/canned-food-instant-meals,Canned Food Instant Meals,NONGSHIM SPICY CHICKEN RAMYUN (BOWL) 114G,RM6.05,,https://vgg.bites.com.my/collections/canned-food-instant-meals/products/nongshim-spicy-chicken-ramyun-bowl-114g
https://vgg.bites.com.my/collections/canned-food-instant-meals,Canned Food Instant Meals,NONGSHIM STIR FRY CHEESE RAMYUN (BOWL) 105G,RM6.05,,https://vgg.bites.com.my/collections/canned-food-instant-meals/products/nongshim-stir-fry-cheese-ramyun-bowl-105g
https://vgg.bites.com.my/collections/canned-food-instant-meals,Canned Food Instant Meals,NONGSHIM SHIN RAMYUN TOM YUM (BOWL) 117G,RM6.05,,https://vgg.bites.com.my/collections/canned-food-instant-meals/products/nongshim-shin-ramyun-tom-yum-bowl-117g
https://vgg.bites.com.my/collections/canned-food-instant-meals,Canned Food Instant Meals,NONGSHIM SHIN RAMYUN TOOMBA (BOWL) 113G,RM6.10,,https://vgg.bites.com.my/collections/canned-food-instant-meals/products/nongshim-shin-ramyun-toomba-bowl-113g
https://vgg.bites.com.my/collections/canned-food-instant-meals,Canned Food Instant Meals,NISSIN DONBEI KITSUNE UDON 97G,RM13.70,,https://vgg.bites.com.my/collections/canned-food-instant-meals/products/nissin-donbei-kitsune-udon-97g
https://vgg.bites.com.my/collections/canned-food-instant-meals,Canned Food Instant Meals,NISSIN DONBEI TENSOBA 100G,RM13.70,,https://vgg.bites.com.my/collections/canned-food-instant-meals/products/nissin-donbei-tensoba-100g
https://vgg.bites.com.my/collections/canned-food-instant-meals,Canned Food Instant Meals,WAITROSE ESS CREAM OF MUSHROOM SOUP 400G,RM10.90,,https://vgg.bites.com.my/collections/canned-food-instant-meals/products/waitrose-ess-cream-of-mushroom-soup-400g
